State,combined_pred
LA,1.0
AZ,1.0
IN,1.0
CO,0.9999998
CO,0.99999905
CO,0.9999988
AL,0.9999964
MD,0.9999933
LA,0.9999851
MN,0.9999839
